URL,Type of page,Type
https://gtmstack.pro/blog,Blog,Hub
https://gtmstack.pro/case-studies/ai-visualizations,Case Studies,Topic
https://gtmstack.pro/case-studies/abm-system-launch-prgx,Case Studies,Topic
https://gtmstack.pro/case-studies/abm-journey-discrete-manufacturing-prgx,Case Studies,Topic
https://gtmstack.pro/case-studies/prgx-unified-revenue-operating-model,Case Studies,Topic
https://gtmstack.pro/case-studies/amcs-verticalized-abm-launch,Case Studies,Topic
https://gtmstack.pro/case-studies/end-to-end-abm-framework-amcs,Case Studies,Topic
https://gtmstack.pro/case-studies/redhat-global-abm-activation,Case Studies,Topic
https://gtmstack.pro/case-studies/enterprise-abm-activation-red-hat,Case Studies,Topic
https://gtmstack.pro/case-studies/salesforce-demandgen-analytics-platform,Case Studies,Topic
https://gtmstack.pro/case-studies/revenue-analytics-dashboard-salesforce,Case Studies,Topic
https://gtmstack.pro/case-studies/data-qa-integrity-pipeline-salesforce,Case Studies,Topic
https://gtmstack.pro/case-studies/salesforce-fortune50-abm-events,Case Studies,Topic
https://gtmstack.pro/case-studies/singles-and-doubles-playbook-salesforce,Case Studies,Topic
https://gtmstack.pro/case-studies/sales-cloud-global-campaigns-salesforce,Case Studies,Topic
https://gtmstack.pro/case-studies/getsatisfaction-growth-automation,Case Studies,Topic
https://gtmstack.pro/case-studies/content-and-seo-infrastructure-crowd-factory-marketo,Case Studies,Topic
https://gtmstack.pro/case-studies/salemglobal-smb-seo-ppc-engine,Case Studies,Topic
https://gtmstack.pro/case-studies/event-to-store-lift-retail,Case Studies,Topic
https://gtmstack.pro/case-studies/marketing-flight-planner-ai-tool,Case Studies,Topic
https://gtmstack.pro/case-studies/career-world-4d-interactive-resume,Case Studies,Topic
https://gtmstack.pro/expertise/content-engagement,Content Engagement ,Category (Pillar)
https://gtmstack.pro/expertise/content-marketing,Content Engagement ,Topic
https://gtmstack.pro/expertise/email-marketing,Content Engagement ,Topic
https://gtmstack.pro/expertise/omnichannel-marketing,Content Engagement ,Topic
https://gtmstack.pro/expertise/social-media-marketing,Content Engagement ,Topic
https://gtmstack.pro/expertise/video-marketing,Content Engagement ,Topic
https://gtmstack.pro/expertise/demand-growth,Demand Growth,Category (Pillar)
https://gtmstack.pro/expertise/demand-generation,Demand Growth,Topic
https://gtmstack.pro/expertise/event-marketing,Demand Growth,Topic
https://gtmstack.pro/expertise/growth-marketing,Demand Growth,Topic
https://gtmstack.pro/expertise/paid-advertising-sem,Demand Growth,Topic
https://gtmstack.pro/expertise/search-engine-optimization,Demand Growth,Topic
https://gtmstack.pro/expertise/strategy-insights,Strategy Insights,Category (Pillar)
https://gtmstack.pro/expertise/account-based-marketing-abm,Strategy Insights,Topic
https://gtmstack.pro/expertise/customer-experience-cx,Strategy Insights,Topic
https://gtmstack.pro/expertise/customer-marketing,Strategy Insights,Topic
https://gtmstack.pro/expertise/lifecycle-marketing,Strategy Insights,Topic
https://gtmstack.pro/expertise/product-marketing,Strategy Insights,Topic
https://gtmstack.pro/expertise/ai-in-marketing,System Operations,Category (Pillar)
https://gtmstack.pro/expertise/marketing-automation,System Operations,Topic
https://gtmstack.pro/expertise/marketing-operations,System Operations,Topic
https://gtmstack.pro/expertise/martech-optimization,System Operations,Topic
https://gtmstack.pro/expertise/systems-operations,System Operations,Topic
https://gtmstack.pro/expertise/sales-enablement,System Operations,Topic
https://gtmstack.pro/expertise,Expertise Main page,Hub
https://gtmstack.pro,Home ,Hub
https://gtmstack.pro/about,About,Hub
https://gtmstack.pro/contact,Contact Me,Hub
https://gtmstack.pro/resume,Resume,Hub
https://gtmstack.pro/gallery,Animation Gallery,Hub
https://gtmstack.pro/case-studies,Case Studies Main Page,Hub
https://gtmstack.pro/industries/b2b-saas,Industries,Topic
https://gtmstack.pro/industries/financial-services,Industries,Topic
https://gtmstack.pro/industries/developer-tools,Industries,Topic
https://gtmstack.pro/industries/ecommerce,Industries,Topic
https://gtmstack.pro/industries/retail-ecommerce,Industries,Topic
https://gtmstack.pro/industries/cybersecurity,Industries,Topic
https://gtmstack.pro/industries/manufacturing,Industries,Topic
https://gtmstack.pro/industries/energy-utilities,Industries,Topic
https://gtmstack.pro/industries/supply-chain-logistics,Industries,Topic
https://gtmstack.pro/industries/fleet-management-logistics,Industries,Topic
https://gtmstack.pro/industries/healthcare,Industries,Topic
https://gtmstack.pro/industries/pubsec-government,Industries,Topic
https://gtmstack.pro/industries,Industries Main Page,Hub
https://gtmstack.pro/industries/fintech,Not Linked-Archived,Hub
https://gtmstack.pro/industries/healthtech,Not Linked-Archived,Hub
https://gtmstack.pro/industries/public-sector-education,Not Linked-Archived,Hub
https://gtmstack.pro/industries/climate-tech,Not Linked-Archived,Hub
https://gtmstack.pro/industries/technology-saas,Not Linked-Archived,Hub
https://gtmstack.pro/industries/ai-ml,Not Linked-Archived,Hub
https://gtmstack.pro/expertise/revenue-operations,Not Linked-Archived,Hub
https://gtmstack.pro/expertise/sales-enablement-alignment,Not Linked-Archived,Hub
https://gtmstack.pro/expertise/social-media,Not Linked-Archived,Hub
https://gtmstack.pro/expertise/account-based-marketing,Not Linked-Archived,Hub
https://gtmstack.pro/expertise/customer-experience,Not Linked-Archived,Hub
https://gtmstack.pro/expertise/data-governance,Not Linked-Archived,Hub
https://gtmstack.pro/expertise/digital-marketing,Not Linked-Archived,Hub
https://gtmstack.pro/expertise/event-field-marketing,Not Linked-Archived,Hub
https://gtmstack.pro/expertise/marketing-analytics-reporting,Not Linked-Archived,Hub
https://gtmstack.pro/expertise/paid-advertising,Not Linked-Archived,Hub
https://gtmstack.pro/expertise/attribution-and-measurement,Not Linked-Archived,Hub
https://gtmstack.pro/expertise/bi-data-engineering,Not Linked-Archived,Hub
https://gtmstack.pro/expertise/content-strategy-systems,Not Linked-Archived,Hub
https://gtmstack.pro/expertise/channel-partner-marketing,Not Linked-Archived,Hub
https://gtmstack.pro/services/content-marketing,Not Linked-Archived,Hub
https://gtmstack.pro/services/demand-generation,Not Linked-Archived,Hub
https://gtmstack.pro/services/paid-advertising,Not Linked-Archived,Hub
https://gtmstack.pro/services/seo,Not Linked-Archived,Hub
https://gtmstack.pro/services/social-media,Not Linked-Archived,Hub
https://gtmstack.pro/services/video-creative,Not Linked-Archived,Hub
https://gtmstack.pro/projects,Not Linked-Archived,Hub
