Route,Page Title,Template,Content Key,Theme,Data Source,Section,Notes,Route,Page Title,Desc,CHANGE REQUIRED
/,Home,home.main,home:main,default,content/home.ts,Home & Core,Main landing page,,,,
/about,About GTM Stack,home.main,about:main,dark,content/about.ts,Home & Core,About page,,,,
/contact,Contact Us,home.main,contact:main,light,content/contact.ts,Home & Core,Contact form,,,,
/resume,Resume,home.main,resume:main,light,content/resume.ts,Home & Core,Resume/CV page,,,,
/expertise,Expertise,expertise.main,expertise:main,dark,content/expertise/main.ts,Expertise Main,Main expertise landing,,,,
/expertise/content-engagement,Content & Engagement,Uploaded_Expertise_ContentEngagement_v1,default:content,dark,content/expertise.ts,Expertise Pillars,Custom template pillar,,,,
/expertise/demand-growth,Demand & Growth,Uploaded_Expertise_DemandGrowth_v1,pillar:demand-growth,dark,content/expertise.ts,Expertise Pillars,Custom template pillar,,,,
/expertise/strategy-insights,Strategy & Insights,expertise.category,pillar:strategy-insights,dark,content/expertise.ts,Expertise Pillars,Category/Pillar,,,,
/expertise/systems-operations,Systems & Operations,expertise.category,pillar:systems-operations,dark,content/expertise.ts,Expertise Pillars,Category/Pillar,,,,
/expertise/analytics,Analytics & Insights,expertise.topic,expertise:marketing-analytics-reporting,dark,content/expertise.ts,Expertise Topics,Topic detail,,,,
/expertise/automation,Marketing Automation,expertise.topic,expertise:marketing-automation,dark,content/expertise.ts,Expertise Topics,Topic detail,,,,
/expertise/optimization,Revenue Optimization,expertise.topic,expertise:revenue-operations,dark,content/expertise.ts,Expertise Topics,Topic detail,,,,
/expertise/strategy,GTM Strategy,expertise.topic,expertise:gtm-strategy-development,dark,content/expertise.ts,Expertise Topics,Topic detail,,,,
/expertise/demand-generation,Demand Generation,expertise.category,expertise:demand-generation,dark,content/expertise.ts,Expertise Topics,Category/Topic (main pillar sub),,,,
/industries,Architecting Growth by Industry,Uploaded_Industries_v1,industries:main,dark,content/industries/main.ts,Industries Main,Custom template main landing,,,,
/industries/b2b-saas,B2B SaaS,industry.base,industries:b2b-saas,light,content/industries.ts,Industries Details,Industry detail,,,,
/industries/financial-services,Financial Services,industry.base,industries:financial-services,light,content/industries.ts,Industries Details,Industry detail,,,,
/industries/fleet-management-logistics,Fleet & Logistics,industry.base,industries:fleet-management-logistics,dark,content/industries.ts,Industries Details,Industry detail,,,,
/industries/healthcare,Healthcare & Health Technology,industry.base,industries:healthcare,light,content/industries.ts,Industries Details,Industry detail,,,,
/industries/manufacturing,Manufacturing,industry.base,industries:manufacturing,dark,content/industries.ts,Industries Details,Industry detail,,,,
/industries/pubsec-government,Public Sector & Gov,industry.base,industries:pubsec-government,dark,content/industries.ts,Industries Details,Industry detail,,,,
/industries/retail,Retail & Consumer,industry.base,industries:retail,dark,content/industries.ts,Industries Details,Industry detail,,,,
/industries/retail-ecommerce,Retail & E-commerce,industry.base,industries:retail,dark,content/industries.ts,Industries Details,Maps to same content as /industries/retail,,,,
/services/content-marketing,Content Marketing,expertise.topic,expertise:content-engagement,dark,content/expertise.ts,Services,Service detail,,,,
/services/demand-generation,Demand Generation,expertise.topic,expertise:demand-generation,dark,content/expertise.ts,Services,Service detail,,,,
/services/paid-advertising,Paid Advertising,expertise.topic,expertise:digital-marketing,dark,content/expertise.ts,Services,Service detail,,,,
/services/seo,SEO & Organic,expertise.topic,expertise:digital-marketing,dark,content/expertise.ts,Services,Service detail,,,,
/services/social-media,Social Media,expertise.topic,expertise:digital-marketing,dark,content/expertise.ts,Services,Service detail,,,,
/services/video-creative,Video & Creative,expertise.topic,expertise:digital-marketing,dark,content/expertise.ts,Services,Service detail,,,,
/gallery,Animation Gallery,gallery.main,gallery:main,dark,content/gallery/main.ts,Other,Animation showcase,,,,
/projects,Projects,projects.main,projects:main,dark,content/projects/main.ts,Other,Portfolio/projects,,,,
/case-studies,Case Studies,home.main,home:main,dark,content/case-studies.ts,Other,Case studies landing,,,,
/case-studies/event-to-store-lift-retail,Event-to-Store Revenue Lift,caseStudy.base,case-studies:event-to-store-lift-retail,dark,content/case-studies.ts,Other,Case study detail,,,,
/p/test,Test CMS Page,home.main,home:main,dark,content/home.ts,Other,Test/CMS page,,,,2222
/expertise/analytics,,,Reporting Dashboards & Attribution,,1,,,change slug and title,AI in Marketing,Integrating AI automation and agentic systems into the marketing engine to dramatically improve speed personalization insight and operational efficiency.,ARCHIVE FOR BLOG
/expertise/crm-mangement,,,CRM Management & Integration,,1,,,change slug and title,Attribution & Measurement,Building accurate trustworthy measurement systems that reveal which channels messages and plays actually drive revenue—enabling better decisions smarter budgets and predictive insights.,ARCHIVE FOR BLOG
/expertise/marketing-analytics-reporting,,,Marketing Analytics & Reporting,Turning disconnected data into a unified intelligence layer that gives leaders real-time visibility into pipeline performance and ROI across every GTM motion.,1,,,new,BI & Data Engineering (GTM-Focused),Designing and maintaining the data pipelines models and BI infrastructure required to power accurate GTM reporting predictive insights and AI-driven decision-making.,ARCHIVE FOR BLOG
/expertise/competitive-intel,,,Competitive Intelligence & Positioning,,1,,,NEW PAGE,Channel Partner Marketing,Equipping enabling and activating partners through co-marketing joint campaigns and shared GTM motions that expand market reach and accelerate revenue.,ARCHIVE FOR BLOG
/expertise/lead-gen-scoring,,,Lead Generation & Scoring,,1,,,NEW PAGE,Content Strategy Systems,Building scalable structured content ecosystems—frameworks taxonomies templates and workflows—that power consistent storytelling AI discoverability and multi-channel execution.,ARCHIVE FOR BLOG
/expertise/roi-analysis,,,ROI & Break-Even Analysis,,1,,,NEW PAGE,Customer Experience (CX),Designing seamless end-to-end customer journeys that maximize retention loyalty and long-term revenue through experience-led growth.,ARCHIVE FOR BLOG
/expertise/web-design-ui-ux,,,Responsive Web Design & UI/UX,,1,,,NEW PAGE,Digital Marketing,Modern digital marketing blends creative narrative data-driven optimization and orchestration across paid organic social and web channels to generate measurable growth.,ARCHIVE FOR BLOG
/,,,GTMStack.pro,Professional GTM strategy marketing operations and revenue growth expertise. Portfolio and capabilities overview.,1,,,none,Email Marketing & Nurture,Email programs that convert. Lifecycle sequences segmentation and automation that move buyers through the funnel.,ARCHIVE FOR BLOG
/about,,,About GTM Stack,Background experience and approach to GTM strategy and marketing operations.,1,,,none,Event Marketing & Field Marketing,Creating high-impact in-person and virtual experiences that build relationships accelerate deals and drive measurable revenue through targeted field and event activation.,ARCHIVE FOR BLOG
/blog,,,Blog,Insights articles and thought leadership on GTM strategy marketing operations and revenue growth.,1,,,none,Growth Marketing,Driving accelerated experimental data-driven growth across acquisition activation retention and expansion using rapid iteration and measurable optimization frameworks.,ARCHIVE FOR BLOG
/case-studies,,,Case Studies,Real-world examples of GTM transformations ABM launches and revenue operations improvements.,1,,,none,Lifecycle Marketing,Designing and orchestrating end-to-end customer journeys that drive acquisition onboarding product adoption expansion and retention with measurable impact on NRR and churn.,ARCHIVE FOR BLOG
/case-studies/abm-journey-discrete-manufacturing-prgx,,,Discrete Manufacturing ABM Journey,Designed an industry-specific ABM journey for discrete manufacturing accounts.,1,,,none,Marketing Operations,Building the operational backbone of modern marketing: data processes platforms and governance that enable scalable predictable revenue execution.,ARCHIVE FOR BLOG
/case-studies/abm-system-launch-prgx,,,ABM System Launch,Built PRGX's first fully unified ABM system—integrating targeting personalization measurement and sales alignment to drive revenue impact.,1,,,none,Omnichannel Marketing,Coordinated campaigns across channels. Unified messaging and orchestration that delivers consistent buyer experiences.,ARCHIVE FOR BLOG
/case-studies/ai-visualizations,,,Case Studies - AI Visualizations,Interactive AI-powered visualizations and demonstrations.,1,,,none,Revenue Optimization,,ARCHIVE FOR BLOG
/case-studies/amcs-verticalized-abm-launch,,,$1.2M Pipeline in 90 Days from Verticalized ABM,Launched ABM engine for industrial/logistics buyers with verticalized messaging paid media and GTM orchestration.,1,,,none,,,ARCHIVE FOR BLOG
/case-studies/career-world-4d-interactive-resume,,,Career World 4D — Interactive Resume Map,Isometric interactive career map demonstrating systems thinking UX design and GTM narrative.,1,,,none,Revenue Operations (RevOps),Aligning Sales Marketing and Finance around a unified revenue engine with shared data processes and forecasts that turn strategy into predictable growth.,ARCHIVE FOR BLOG
/case-studies/content-and-seo-infrastructure-crowd-factory-marketo,,,Content & SEO Infrastructure,Built a content and SEO foundation that turned Crowd Factory into a demand-generating content engine.,1,,,none,Sales Enablement & Alignment,Aligning Sales and Marketing through shared messaging playbooks intelligence and operational cadences that increase win rates and accelerate pipeline.,ARCHIVE FOR BLOG
/case-studies/data-qa-integrity-pipeline-salesforce,,,Data QA & Integrity Pipeline,Built a rigorous data QA and validation pipeline connecting Oracle Business Objects and Salesforce CRM.,1,,,none,Video Marketing & Webinars,Video content that educates and converts. Webinar programs video series and interactive content that accelerates buyer decisions.,ARCHIVE FOR BLOG
/case-studies/end-to-end-abm-framework-amcs,,,End-to-End ABM Framework,Built a complete ABM framework for AMCS aligning ICP definition account selection and orchestration.,1,,,none,Animation Gallery,Visual showcase of work projects and creative outputs.,ARCHIVE FOR BLOG
/case-studies/enterprise-abm-activation-red-hat,,,Enterprise ABM Activation,,1,,,none,AI & Machine Learning,Differentiation in the AI revolution. Authentic positioning that cuts through hype to drive pipeline.,ARCHIVE FOR BLOG
/case-studies/event-to-store-lift-retail,,,Event-to-Store Revenue Lift,Designed an event-led activation program that connected experiential marketing with in-store behavior.,1,,,none,B2B SaaS,Revenue milestones from seed to scale. PLG motions enterprise enablement and expansion strategies that compound.,ARCHIVE FOR BLOG
/case-studies/getsatisfaction-growth-automation,,,164% YoY Traffic Growth + 43% QoQ Lead Lift,Scaled inbound demand through Marketo automation nurture architecture and SEO/content velocity.,1,,,none,,Enabling government and education organizations to modernize service delivery improve constituent experience and adopt data-driven GTM motions.,ARCHIVE FOR BLOG
/case-studies/marketing-flight-planner-ai-tool,,,Marketing Flight Planner — AI GTM Maturity Tool,AI-powered assessment tool connecting GTM maturity diagnostics to prioritized stack and execution roadmaps.,1,,,none,Video & Creative,Video content creation and creative production.,ARCHIVE FOR BLOG
/case-studies/prgx-unified-revenue-operating-model,,,87% YoY Pipeline Growth via Unified ABM + RevOps Model,Architected a unified revenue operating model integrating ABM automation and attribution to scale predictable enterprise pipeline.,1,,,none,Reporting Dashboards & Attribution,,change slug and title
/case-studies/redhat-global-abm-activation,,,33% of Global Pipeline Influenced by ABM Activation,Scaled ABM Customer Activation framework across 200+ global enterprise accounts with lifecycle playbooks and standardized ops.,1,,,none,CRM Management & Integration,,change slug and title
/case-studies/revenue-analytics-dashboard-salesforce,,,Revenue Analytics Dashboard,Transformed Salesforce's global NGO and Education GTM reporting by building a unified revenue analytics system.,1,,,none,Marketing Analytics & Reporting,Turning disconnected data into a unified intelligence layer that gives leaders real-time visibility into pipeline performance and ROI across every GTM motion.,new
/case-studies/salemglobal-smb-seo-ppc-engine,,,500% YoY Client Growth via SMB SEO + PPC System,Built repeatable SEO/PPC program for SMBs and agencies using microsite authority networks.,1,,,none,Competitive Intelligence & Positioning,,NEW PAGE
/case-studies/sales-cloud-global-campaigns-salesforce,,,Sales Cloud Global Campaigns,Developed and executed global integrated campaigns for Salesforce Sales Cloud unifying messaging and content.,1,,,none,Lead Generation & Scoring,,NEW PAGE
/case-studies/salesforce-demandgen-analytics-platform,,,Reporting Cycle Cut from 4 Days to 2 Hours,Rebuilt global demand gen analytics migrating spreadsheet scorecards to real-time executive dashboards.,1,,,none,ROI & Break-Even Analysis,,NEW PAGE
/case-studies/salesforce-fortune50-abm-events,,,Fortune 50 ABM + Event Engine,Established ABM Center of Excellence and high-ROI event motions for Fortune 50 enterprise accounts.,1,,,none,Responsive Web Design & UI/UX,,NEW PAGE
/case-studies/singles-and-doubles-playbook-salesforce,,,Singles & Doubles Playbook,Created a scalable campaign playbook for Salesforce Sales Cloud enabling repeatable high-impact plays.,1,,,none,GTMStack.pro,Professional GTM strategy marketing operations and revenue growth expertise. Portfolio and capabilities overview.,none
/contact,,,Contact,Contact Us,1,,,none,About GTM Stack,Background experience and approach to GTM strategy and marketing operations.,none
/expertise,,,Expertise,Comprehensive overview of marketing and GTM capabilities across strategy systems content and growth.,1,,,none,Blog,Insights articles and thought leadership on GTM strategy marketing operations and revenue growth.,none
/expertise/account-based-marketing,,,Account-Based Marketing (ABM),Designing precision GTM systems focused on winning high-value accounts through coordinated sales + marketing plays multithreaded engagement and intelligence-driven personalization at scale.,1,,,none,Case Studies,Real-world examples of GTM transformations ABM launches and revenue operations improvements.,none
/expertise/customer-marketing,,,Customer Marketing & Journey Mapping,Deepening customer value accelerating expansion and strengthening loyalty through targeted programs that activate educate and mobilize existing customers.,1,,,none,Discrete Manufacturing ABM Journey,Designed an industry-specific ABM journey for discrete manufacturing accounts.,none
/expertise/product-marketing,,,Product Marketing,Positioning messaging & go-to-market plays that turn features into revenue.,1,,,none,ABM System Launch,Built PRGX's first fully unified ABM system—integrating targeting personalization measurement and sales alignment to drive revenue impact.,none
/expertise/strategy-insights,,,Strategy & Insights,GTM strategy market intelligence and data-driven decision frameworks.,1,,,none,Case Studies - AI Visualizations,Interactive AI-powered visualizations and demonstrations.,none
/industries,,,Architecting Growth by Industry,Industry-specific GTM expertise and proven results across B2B SaaS FinTech Healthcare Manufacturing and more.,1,,,none,$1.2M Pipeline in 90 Days from Verticalized ABM,Launched ABM engine for industrial/logistics buyers with verticalized messaging paid media and GTM orchestration.,none
/p/test,,,Test CMS Page,,1,,,none,Career World 4D — Interactive Resume Map,Isometric interactive career map demonstrating systems thinking UX design and GTM narrative.,none
/expertise/content-engagement,,,Content & Engagement,Strategic content development engagement frameworks and narrative systems that drive buyer action.,1,,,pillar,Content & SEO Infrastructure,Built a content and SEO foundation that turned Crowd Factory into a demand-generating content engine.,none
/expertise/demand-growth,,,Demand & Growth,Scalable demand generation pipeline creation and growth marketing systems.,1,,,pillar,Data QA & Integrity Pipeline,Built a rigorous data QA and validation pipeline connecting Oracle Business Objects and Salesforce CRM.,none
/expertise/systems-operations,,,Systems & Operations,Marketing operations technology stack optimization and operational excellence.,1,,,pillar,End-to-End ABM Framework,Built a complete ABM framework for AMCS aligning ICP definition account selection and orchestration.,none
/expertise/content-marketing,,,Content Creation & Personalization,Building authoritative structured content systems that fuel both human audiences and AI discovery engines positioning the brand as the definitive voice in its category.,1,,,Update Title,Enterprise ABM Activation,,none
/expertise/data-governance,,,Data Governence & Audits,Ensuring GTM Sales and Marketing systems operate on trusted high-quality data that fuels accurate reporting effective automation and reliable AI-driven decisions.,1,,,Update Title,Event-to-Store Revenue Lift,Designed an event-led activation program that connected experiential marketing with in-store behavior.,none
/expertise/demand-generation,,,Demand Generation Campaigns,Building predictable scalable pipeline through orchestrated multi-channel programs precision targeting and data-backed optimization across the full funnel.,1,,,Update Title,164% YoY Traffic Growth + 43% QoQ Lead Lift,Scaled inbound demand through Marketo automation nurture architecture and SEO/content velocity.,none
/expertise/event-marketing,,,Event & Tradeshow Management,Events that generate pipeline. Virtual and in-person event programs webinars and field marketing that drive qualified leads.,1,,,Update Title,Marketing Flight Planner — AI GTM Maturity Tool,AI-powered assessment tool connecting GTM maturity diagnostics to prioritized stack and execution roadmaps.,none
/expertise/marketing-automation,,,Marketing Automation & Workflows,Marketing automation platforms that scale. Marketo Eloqua Pardot and HubSpot implementations that automate the revenue journey.,1,,,Update Title,87% YoY Pipeline Growth via Unified ABM + RevOps Model,Architected a unified revenue operating model integrating ABM automation and attribution to scale predictable enterprise pipeline.,none
/expertise/martech-optimization,,,Tech Stack Optimization & Enablement,Transforming a noisy underutilized marketing tech stack into a lean integrated ecosystem that accelerates revenue instead of dragging it down.,1,,,Update Title,33% of Global Pipeline Influenced by ABM Activation,Scaled ABM Customer Activation framework across 200+ global enterprise accounts with lifecycle playbooks and standardized ops.,none
/expertise/paid-advertising-sem,,,Paid Media & Funnel Optimization,Paid campaigns that deliver ROI. Google Ads LinkedIn Ads and retargeting programs optimized for pipeline contribution. Driving high-quality demand through coordinated performance media systems that align channels creative and targeting to measurable pipeline and revenue impact.,1,,,Update Title,Revenue Analytics Dashboard,Transformed Salesforce's global NGO and Education GTM reporting by building a unified revenue analytics system.,none
/expertise/sales-enablement,,,Upsell/Cross-Sell Strategies,Sales enablement that accelerates deals. Content libraries playbooks and tools that reduce sales cycles and improve win rates.,1,,,Update Title,500% YoY Client Growth via SMB SEO + PPC System,Built repeatable SEO/PPC program for SMBs and agencies using microsite authority networks.,none
/expertise/search-engine-optimization,,,Search Engine Optimization & Management (SEO & SEM),Using search and discovery as a strategic growth channel by combining technical SEO content strategy and now generative engine optimization (GEO) for AI-driven results.,1,,,Update Title,Sales Cloud Global Campaigns,Developed and executed global integrated campaigns for Salesforce Sales Cloud unifying messaging and content.,none
/expertise/social-media-marketing,,,Social Media & Reputation Management,B2B social that builds brand and drives demand. LinkedIn Twitter and community strategies that generate qualified leads. Driving awareness engagement and brand authority across organic and paid social channels through structured content frameworks community signals and narrative consistency.,1,,,Update Title,Reporting Cycle Cut from 4 Days to 2 Hours,Rebuilt global demand gen analytics migrating spreadsheet scorecards to real-time executive dashboards.,none
/expertise/strategy,,,GTM Strategy,,1,,,Update Title and Slug,Fortune 50 ABM + Event Engine,Established ABM Center of Excellence and high-ROI event motions for Fortune 50 enterprise accounts.,none
/industries/cybersecurity,,,Cybersecurity,Trust-building that closes enterprise deals. Credibility strategies for skeptical security buyers.,1,,,none,Singles & Doubles Playbook,Created a scalable campaign playbook for Salesforce Sales Cloud enabling repeatable high-impact plays.,none
/industries/developer-tools,,,Developer Tools & DevOps,Bottom-up adoption that scales. Community-led growth routes that respect how engineers evaluate tools.,1,,,none,Contact,Contact Us,none
/industries/ecommerce,,,E-Commerce & Retail Tech,Revenue optimization across the commerce journey. Acquisition to retention strategies that maximize LTV.,1,,,none,Expertise,Comprehensive overview of marketing and GTM capabilities across strategy systems content and growth.,none
/industries/energy-utilities,,,Energy & Utilities,Supporting energy and utility organizations as they modernize customer engagement and transition to data-driven operational models in regulated environments.,1,,,none,Account-Based Marketing (ABM),Designing precision GTM systems focused on winning high-value accounts through coordinated sales + marketing plays multithreaded engagement and intelligence-driven personalization at scale.,none
/industries/financial-services,,,Financial Services,Helping financial institutions modernize acquisition risk management operational efficiency and customer experience through data-driven GTM systems.,1,,,none,Customer Marketing & Journey Mapping,Deepening customer value accelerating expansion and strengthening loyalty through targeted programs that activate educate and mobilize existing customers.,none
/industries/fintech,,,FinTech & Payments,Digital trust + precision GTM for FinTech firms navigating regulation and long sales cycles.,1,,,none,Product Marketing,Positioning messaging & go-to-market plays that turn features into revenue.,none
/industries/fleet-management-logistics,,,Fleet & Logistics,Connected fleet intelligence and operational velocity. Turning data into route optimization and revenue for VP of Fleet Operations and Director of Logistics.,1,,,none,Strategy & Insights,GTM strategy market intelligence and data-driven decision frameworks.,none
/industries/healthcare,,,Healthcare & Health Technology,Supporting healthcare organizations in modernizing engagement strengthening patient experience and navigating compliance through secure data-driven GTM systems.,1,,,none,Architecting Growth by Industry,Industry-specific GTM expertise and proven results across B2B SaaS FinTech Healthcare Manufacturing and more.,none
/industries/manufacturing,,,Manufacturing,Enabling manufacturers to modernize demand generation partner ecosystems and digital buyer journeys across complex supply chains and long sales cycles.,1,,,none,Test CMS Page,,none
/industries/pubsec-government,,,Public Sector & Government,Modernizing citizen services with 2-Speed Architecture — stable legacy systems + agile cloud engagement. Digital transformation lead for government.,1,,,none,Content & Engagement,Strategic content development engagement frameworks and narrative systems that drive buyer action.,pillar
/industries/retail-ecommerce,,,,Helping retailers modernize customer engagement optimize omnichannel experiences and drive measurable revenue lift through data-driven activation.,1,,,none,Demand & Growth,Scalable demand generation pipeline creation and growth marketing systems.,pillar
/industries/supply-chain-logistics,,,Supply Chain & Logistics,Helping supply chain and logistics organizations improve visibility accelerate decision-making and modernize customer engagement across complex ecosystems.,1,,,none,Systems & Operations,Marketing operations technology stack optimization and operational excellence.,pillar
/industries/technology-saas,,,Technology & SaaS,Helping SaaS companies scale acquisition retention and expansion through precision targeting product-led growth loops and modern revenue operations.,1,,,none,Marketing Automation,,REMOVE
/resume,,,Resume,Professional background and career history.,1,,,none,,,REMOVE
,,,,,,,,/industries/climate-tech,Climate Tech & Sustainability,Purpose-driven growth that scales. Navigate urgency with credibility to drive adoption.,REMOVE
,,,,,,,,/industries/healthtech,HealthTech & Digital Health,Provider trust that drives adoption. HIPAA-compliant growth strategies that navigate complex buying committees.,REMOVE
,,,,,,,,/industries/retail,Retail & Consumer,,REMOVE
,,,,,,,,/projects,Projects,Featured projects and portfolio pieces demonstrating GTM capabilities.,REMOVE
,,,,,,,,/projects,,,REMOVE
,,,,,,,,/services/content-marketing,,,REMOVE
,,,,,,,,/services/content-marketing,,,REMOVE
,,,,,,,,/services/demand-generation,,,REMOVE
,,,,,,,,/services/demand-generation,,,REMOVE
,,,,,,,,/services/paid-advertising,,,REMOVE
,,,,,,,,/services/paid-advertising,,,REMOVE
,,,,,,,,/services/seo,,,REMOVE
,,,,,,,,/services/seo,,,REMOVE
,,,,,,,,/services/social-media,,,REMOVE
,,,,,,,,/services/social-media,,,REMOVE
,,,,,,,,/expertise/content-marketing,Content Creation & Personalization,Building authoritative structured content systems that fuel both human audiences and AI discovery engines positioning the brand as the definitive voice in its category.,Update Title
,,,,,,,,/expertise/data-governance,Data Governence & Audits,Ensuring GTM Sales and Marketing systems operate on trusted high-quality data that fuels accurate reporting effective automation and reliable AI-driven decisions.,Update Title
,,,,,,,,/expertise/demand-generation,Demand Generation Campaigns,Building predictable scalable pipeline through orchestrated multi-channel programs precision targeting and data-backed optimization across the full funnel.,Update Title
,,,,,,,,/expertise/event-marketing,Event & Tradeshow Management,Events that generate pipeline. Virtual and in-person event programs webinars and field marketing that drive qualified leads.,Update Title
,,,,,,,,/expertise/marketing-automation,Marketing Automation & Workflows,Marketing automation platforms that scale. Marketo Eloqua Pardot and HubSpot implementations that automate the revenue journey.,Update Title
,,,,,,,,/expertise/martech-optimization,Tech Stack Optimization & Enablement,Transforming a noisy underutilized marketing tech stack into a lean integrated ecosystem that accelerates revenue instead of dragging it down.,Update Title
,,,,,,,,/expertise/paid-advertising-sem,Paid Media & Funnel Optimization,Paid campaigns that deliver ROI. Google Ads LinkedIn Ads and retargeting programs optimized for pipeline contribution. Driving high-quality demand through coordinated performance media systems that align channels creative and targeting to measurable pipeline and revenue impact.,Update Title
,,,,,,,,/expertise/sales-enablement,Upsell/Cross-Sell Strategies,Sales enablement that accelerates deals. Content libraries playbooks and tools that reduce sales cycles and improve win rates.,Update Title
,,,,,,,,/expertise/search-engine-optimization,Search Engine Optimization & Management (SEO & SEM),Using search and discovery as a strategic growth channel by combining technical SEO content strategy and now generative engine optimization (GEO) for AI-driven results.,Update Title
,,,,,,,,/expertise/social-media-marketing,Social Media & Reputation Management,B2B social that builds brand and drives demand. LinkedIn Twitter and community strategies that generate qualified leads. Driving awareness engagement and brand authority across organic and paid social channels through structured content frameworks community signals and narrative consistency.,Update Title
,,,,,,,,/expertise/strategy,GTM Strategy,,Update Title and Slug
,,,,,,,,/industries/cybersecurity,Cybersecurity,Trust-building that closes enterprise deals. Credibility strategies for skeptical security buyers.,none
,,,,,,,,/industries/developer-tools,Developer Tools & DevOps,Bottom-up adoption that scales. Community-led growth routes that respect how engineers evaluate tools.,none
,,,,,,,,/industries/ecommerce,E-Commerce & Retail Tech,Revenue optimization across the commerce journey. Acquisition to retention strategies that maximize LTV.,none
,,,,,,,,/industries/energy-utilities,Energy & Utilities,Supporting energy and utility organizations as they modernize customer engagement and transition to data-driven operational models in regulated environments.,none
,,,,,,,,/industries/financial-services,Financial Services,Helping financial institutions modernize acquisition risk management operational efficiency and customer experience through data-driven GTM systems.,none
,,,,,,,,/industries/fintech,FinTech & Payments,Digital trust + precision GTM for FinTech firms navigating regulation and long sales cycles.,none
,,,,,,,,/industries/fleet-management-logistics,Fleet & Logistics,Connected fleet intelligence and operational velocity. Turning data into route optimization and revenue for VP of Fleet Operations and Director of Logistics.,none
,,,,,,,,/industries/healthcare,Healthcare & Health Technology,Supporting healthcare organizations in modernizing engagement strengthening patient experience and navigating compliance through secure data-driven GTM systems.,none
,,,,,,,,/industries/manufacturing,Manufacturing,Enabling manufacturers to modernize demand generation partner ecosystems and digital buyer journeys across complex supply chains and long sales cycles.,none
,,,,,,,,/industries/pubsec-government,Public Sector & Government,Modernizing citizen services with 2-Speed Architecture — stable legacy systems + agile cloud engagement. Digital transformation lead for government.,none
,,,,,,,,/industries/retail-ecommerce,,Helping retailers modernize customer engagement optimize omnichannel experiences and drive measurable revenue lift through data-driven activation.,none
,,,,,,,,/industries/supply-chain-logistics,Supply Chain & Logistics,Helping supply chain and logistics organizations improve visibility accelerate decision-making and modernize customer engagement across complex ecosystems.,none
,,,,,,,,/industries/technology-saas,Technology & SaaS,Helping SaaS companies scale acquisition retention and expansion through precision targeting product-led growth loops and modern revenue operations.,none
,,,,,,,,/resume,Resume,Professional background and career history.,none
